,year,name,lat,lon,T,P,Rh,d18o
563,1999,rodcat_gua,-18.28,-69.04,277.3000183105469,0.0029067061841487885,31.1666601257721,25.93293
506,1994,ball_v,-22.0,-66.0,282.2315979003906,0.0016166698187589645,26.93338258154695,30.56
558,1999,brie_elt,-10.98,-65.72,298.50677490234375,0.005237769801169634,82.83512777434989,21.32
479,1991,rodcat_fsa,-19.06,-69.27,278.4988098144531,0.0018067999044433236,37.769770533767996,28.06713
447,1988,rodcat_gua,-18.28,-69.04,277.2153015136719,0.0028204533737152815,36.16852733369624,30.46471
4,1940,ball_v,-22.0,-66.0,280.4123229980469,0.0019153660396113992,31.8252865539702,29.85
626,2006,brie_sel,-10.1,-66.31,298.9435729980469,0.005358523223549128,81.48020727966335,22.64
459,1989,rodcat_fsa,-19.06,-69.27,278.3262939453125,0.0017717363080009818,40.01408203413638,28.85841
204,1964,ball_v,-22.0,-66.0,280.4443054199219,0.0014814784517511725,24.19287868475975,30.695
538,1997,ball_m,-12.6,-69.2,298.2701110839844,0.006691871676594019,86.1344973230524,21.740000000000002
166,1960,rodcat_utu,-22.18,-67.14,274.3024597167969,0.0010479670017957687,21.46004931773864,27.68692
242,1968,jenkins,-12.4,-69.2,297.4821472167969,0.005955725908279419,85.50860949395293,23.292
100,1954,baker_ecu,-0.45,-78.04,282.67388916015625,0.007951156236231327,85.9933755461204,22.74
214,1965,ball_v,-22.0,-66.0,280.3917541503906,0.0015952946851029992,26.581958029983397,33.22
444,1988,ball_v,-22.0,-66.0,281.630126953125,0.0021158091258257627,31.7580354543743,29.95
360,1980,baker_ecu,-0.45,-78.04,284.10235595703125,0.006167607381939888,83.50063542439807,25.05
401,1984,brie_sel,-10.1,-66.31,298.5239562988281,0.005084013566374779,82.81636610795009,22.23
283,1972,ball_m,-12.6,-69.2,297.7748107910156,0.006360737141221762,85.53992470940935,21.485
382,1982,jenkins,-12.4,-69.2,297.8179626464844,0.007367640733718872,87.55884743799484,23.773
630,2006,rodcat_utu,-22.18,-67.14,276.5007629394531,0.0010935297468677163,21.089251736892095,26.43345
383,1982,ball_m,-12.6,-69.2,297.8179626464844,0.007367640733718872,87.55884743799484,22.255
49,1948,brie_sel,-10.1,-66.31,299.2039489746094,0.0024334422778338194,73.66755535445954,22.34
203,1964,ball_m,-12.6,-69.2,297.7275085449219,0.005100515205413103,82.19679418731141,21.93
361,1980,brie_sel,-10.1,-66.31,298.5892639160156,0.005000200588256121,83.74590335542015,22.26
359,1979,rodcat_fsa,-19.06,-69.27,278.3186340332031,0.0013378491858020425,32.99841716723555,28.0609
224,1966,ball_v,-22.0,-66.0,281.0448303222656,0.0013907266547903419,24.407831324485525,31.6
238,1967,rodcat_irr,-20.43,-68.34,278.4438781738281,0.0009560889448039234,26.681304525369615,32.74242
424,1986,ball_v,-22.0,-66.0,281.2463684082031,0.0018921146402135491,30.387848528870283,29.42
97,1953,rodcat_gua,-18.28,-69.04,276.2493896484375,0.0017655486008152366,35.94753580111228,29.35364
584,2001,rodcat_irr,-20.43,-68.34,279.66265869140625,0.0012073460966348648,27.93086257112163,32.25796
32,1945,jenkins,-12.4,-69.2,297.8597717285156,0.006110793445259333,85.69918411964768,23.085
591,2002,ortega_jam,-9.25,-63.25,299.4823913574219,0.00575678376480937,84.5424131964374,24.25
82,1952,jenkins,-12.4,-69.2,297.4098815917969,0.006325861439108849,86.4202496313185,20.918
312,1975,jenkins,-12.4,-69.2,297.6501770019531,0.006428801920264959,84.56607241369208,22.911
541,1997,rodcat_utu,-22.18,-67.14,275.523193359375,0.001169845461845398,24.023923432574886,27.5475
161,1960,brie_sel,-10.1,-66.31,298.4689636230469,0.004847195465117693,80.44056239945797,21.95
212,1965,jenkins,-12.4,-69.2,298.0255432128906,0.0050943284295499325,82.01138007452087,25.066
134,1957,ball_v,-22.0,-66.0,280.1748962402344,0.0017212977400049567,26.78932322495391,32.12
37,1946,brie_sel,-10.1,-66.31,298.4211120605469,0.005205893889069557,85.47135150133393,23.16
582,2001,rodcat_utu,-22.18,-67.14,275.5365905761719,0.0014625415205955505,26.236213112424235,25.12382
586,2002,baker_ecu,-0.45,-78.04,283.487548828125,0.0067659360356628895,87.574193189558,24.25
569,2000,jenkins,-12.4,-69.2,297.6286926269531,0.005617841612547636,85.48448677087805,23.976
513,1995,brie_sel,-10.1,-66.31,298.983154296875,0.004875509534031153,81.31676295483278,20.67
470,1991,baker_ecu,-0.45,-78.04,284.0871276855469,0.008477295748889446,86.01243394905075,25.36
451,1989,brie_sel,-10.1,-66.31,298.3492736816406,0.005833660718053579,83.2004100043451,22.61
158,1959,rodcat_irr,-20.43,-68.34,278.8670654296875,0.000992652028799057,28.225169034996977,30.42289
515,1995,jenkins,-12.4,-69.2,297.97930908203125,0.006389613728970289,84.6383813509601,24.802
198,1963,rodcat_irr,-20.43,-68.34,278.655029296875,0.0012034084647893906,26.607427464077837,32.83403
271,1971,brie_sel,-10.1,-66.31,297.8683166503906,0.005152641795575619,83.78275465065208,21.2
644,2008,brie_elt,-10.98,-65.72,298.7237854003906,0.0057457201182842255,82.1555553022371,20.32
122,1956,jenkins,-12.4,-69.2,296.7607727050781,0.0066389949060976505,87.62153256381568,23.002
650,2009,ortega_jam,-9.25,-63.25,299.387451171875,0.006624369416385889,82.66621190600031,19.883333333333336
623,2005,rodcat_irr,-20.43,-68.34,279.8852844238281,0.0010022154310718179,23.555072389367208,29.77694
438,1987,rodcat_irr,-20.43,-68.34,279.1213684082031,0.000800271809566766,30.035540628393232,32.49796
319,1975,rodcat_fsa,-19.06,-69.27,277.8246154785156,0.002387128071859479,44.45661615769658,22.75708
142,1958,jenkins,-12.4,-69.2,297.8521423339844,0.006838312838226557,85.33000792609378,22.279
288,1972,rodcat_irr,-20.43,-68.34,278.8311462402344,0.0008975869859568775,25.394205154536703,31.84841
526,1996,jenkins,-12.4,-69.2,297.8630065917969,0.006406676489859819,84.26892674101497,24.446
174,1961,ball_v,-22.0,-66.0,281.2247619628906,0.0018495507538318634,29.762101385781047,31.4
490,1993,baker_ecu,-0.45,-78.04,283.9801940917969,0.008008907549083233,85.64591170162956,24.15
379,1981,rodcat_fsa,-19.06,-69.27,277.9291687011719,0.001986804651096463,35.38056657847536,25.16866
380,1982,baker_ecu,-0.45,-78.04,284.1054992675781,0.008948871865868568,85.07395042244661,23.84
628,2006,jenkins,-12.4,-69.2,298.6236877441406,0.0066678705625236034,82.41429186466232,24.914
185,1962,ortega_jam,-9.25,-63.25,298.8837585449219,0.005645780358463526,76.65875486314482,22.7
375,1981,ortega_jam,-9.25,-63.25,298.7606506347656,0.005432587116956711,83.5152471720785,24.62
370,1981,baker_ecu,-0.45,-78.04,284.1988525390625,0.007423892617225647,84.35446391397637,23.81
620,2005,ortega_jam,-9.25,-63.25,299.6623840332031,0.005061137955635786,78.3019481021116,23.860000000000003
247,1968,rodcat_gua,-18.28,-69.04,275.4062805175781,0.002542758360505104,37.68285369704395,28.95698
175,1961,ortega_jam,-9.25,-63.25,299.6374206542969,0.003962170798331499,70.4450774264805,23.099999999999998
552,1998,rodcat_utu,-22.18,-67.14,276.4690856933594,0.0004978266661055386,17.15703162625618,26.63616
141,1958,brie_sel,-10.1,-66.31,298.771484375,0.0056075300090014935,81.53924044582305,22.39
388,1982,rodcat_irr,-20.43,-68.34,279.2191467285156,0.0009007751941680908,27.66099367386018,30.59655
301,1974,brie_sel,-10.1,-66.31,297.8505554199219,0.005578466225415468,85.27828006679026,21.14
118,1955,rodcat_irr,-20.43,-68.34,277.8062438964844,0.0009285261039622128,31.410165467324607,31.80358
40,1946,ball_v,-22.0,-66.0,280.3439025878906,0.0017722994089126587,32.80337666847907,30.875
65,1950,ortega_jam,-9.25,-63.25,298.4280090332031,0.006211672443896532,84.3660882658952,23.6
578,2001,brie_elt,-10.98,-65.72,298.7266540527344,0.005093765910714865,83.56729407965615,22.6
263,1970,ball_m,-12.6,-69.2,297.7400207519531,0.005992102902382612,85.40504390688979,23.47
607,2004,brie_sel,-10.1,-66.31,298.5282897949219,0.005580154713243246,86.22704497044838,21.65
85,1952,ortega_jam,-9.25,-63.25,298.568359375,0.006129731889814138,84.60779518746341,23.95
202,1964,jenkins,-12.4,-69.2,297.7275085449219,0.005100515205413103,82.19679418731141,23.267
468,1990,rodcat_irr,-20.43,-68.34,279.2198791503906,0.0012020952999591827,27.92372928450808,31.86694
322,1976,jenkins,-12.4,-69.2,297.7145690917969,0.0055572777055203915,81.91184840175985,23.772
600,2003,ball_m,-12.6,-69.2,298.1677551269531,0.006530055310577154,84.4746834622944,22.77
454,1989,ball_v,-22.0,-66.0,280.89471435546875,0.0019474284490570426,34.46716709421464,31.39
597,2003,brie_sel,-10.1,-66.31,298.891845703125,0.005049701314419508,83.82820052425755,22.84
474,1991,ball_v,-22.0,-66.0,281.6939697265625,0.0020606827456504107,28.76789410478633,31.855
529,1996,ortega_jam,-9.25,-63.25,298.9212341308594,0.00627804733812809,83.38290515873203,22.599999999999998
68,1950,rodcat_irr,-20.43,-68.34,278.2001647949219,0.0004815130087081343,28.404588631287265,32.67166
181,1962,brie_sel,-10.1,-66.31,298.4933166503906,0.004554124549031258,76.79157872167858,21.06
632,2006,rodcat_irr,-20.43,-68.34,280.4471435546875,0.001021152944304049,24.8172731667104,30.9121
327,1976,rodcat_gua,-18.28,-69.04,275.90673828125,0.00252925674431026,40.39705515110613,27.0518
135,1957,ortega_jam,-9.25,-63.25,299.1497497558594,0.00555858900770545,80.15631481462154,22.95
194,1963,ball_v,-22.0,-66.0,280.7030334472656,0.0018388641765341163,30.98500149494898,31.75
226,1966,rodcat_utu,-22.18,-67.14,275.33642578125,0.00032213516533374786,14.928820257053822,29.6649
211,1965,brie_sel,-10.1,-66.31,298.36468505859375,0.005024763289839029,82.05274215216681,23.45
649,2009,brie_elt,-10.98,-65.72,299.0556335449219,0.0057374718599021435,83.91743565242396,22.06
182,1962,jenkins,-12.4,-69.2,297.72930908203125,0.004942073952406645,80.1610501187387,22.613
516,1995,ball_m,-12.6,-69.2,297.97930908203125,0.006389613728970289,84.6383813509601,22.62
339,1977,rodcat_fsa,-19.06,-69.27,278.4033203125,0.0023425009567290545,44.15559326570441,24.70703
216,1965,rodcat_utu,-22.18,-67.14,274.4515380859375,0.0006744563579559326,19.18238326271965,30.28355
124,1956,ball_v,-22.0,-66.0,279.3757019042969,0.0018188003450632095,32.05266204274835,31.35
472,1991,jenkins,-12.4,-69.2,297.8232116699219,0.006916878279298544,86.18754371613456,24.162
75,1951,ortega_jam,-9.25,-63.25,298.6986999511719,0.00571703165769577,83.54325051920328,23.94
171,1961,brie_sel,-10.1,-66.31,299.0776062011719,0.003891856176778674,74.31850767607176,20.43
371,1981,brie_sel,-10.1,-66.31,298.429443359375,0.005593466106802225,83.3719047761871,21.01
325,1976,ortega_jam,-9.25,-63.25,298.3608093261719,0.005746471229940653,83.66806535673824,22.666666666666668
340,1978,baker_ecu,-0.45,-78.04,284.0274963378906,0.007060883101075888,83.3099680538911,24.87
394,1983,ball_v,-22.0,-66.0,282.2012023925781,0.0013537872582674026,23.8749038202845,30.685
548,1998,jenkins,-12.4,-69.2,298.2655334472656,0.00605866638943553,84.24810949169631,23.559
357,1979,rodcat_gua,-18.28,-69.04,276.8946838378906,0.0019479915499687195,26.217853507854844,31.6743
163,1960,ball_m,-12.6,-69.2,297.8526916503906,0.005919350311160088,83.75025248168971,22.295
464,1990,ball_v,-22.0,-66.0,281.5424499511719,0.0016856709262356162,28.908236259139198,31.104999999999997
153,1959,ball_m,-12.6,-69.2,297.87689208984375,0.005979539360851049,85.34601162244358,23.990000000000002
625,2006,baker_ecu,-0.45,-78.04,284.2375183105469,0.007657898124307394,86.58923892852202,23.34
362,1980,jenkins,-12.4,-69.2,297.70965576171875,0.0067659360356628895,84.96002542284762,22.841
140,1958,baker_ecu,-0.45,-78.04,283.7887268066406,0.00715988501906395,85.3469960100164,26.1
28,1944,ball_v,-22.0,-66.0,280.4683532714844,0.002275937469676137,44.440816619049286,30.63
128,1956,rodcat_irr,-20.43,-68.34,277.3896179199219,0.0006455804104916751,28.20452822901039,34.03665
76,1951,rodcat_utu,-22.18,-67.14,274.643798828125,0.0010532172163948417,25.129147761932657,25.45877
46,1947,ball_v,-22.0,-66.0,279.9278869628906,0.0021096200216561556,35.704771762290946,30.35
92,1953,jenkins,-12.4,-69.2,297.5758361816406,0.007557957898825407,87.60601958863404,22.136
292,1973,jenkins,-12.4,-69.2,297.50921630859375,0.007760088425129652,86.6950299135454,23.55
641,2007,rodcat_fsa,-19.06,-69.27,279.2510681152344,0.0013100989162921906,34.757294570569165,26.22529
648,2009,brie_sel,-10.1,-66.31,299.16204833984375,0.005969790276139975,82.82080699805978,22.09
19,1943,brie_sel,-10.1,-66.31,297.3592224121094,0.00517232995480299,83.89824987456672,21.83
208,1964,rodcat_irr,-20.43,-68.34,278.2082214355469,0.00039001056575216353,18.97508999226161,33.3407
570,2000,ball_m,-12.6,-69.2,297.6286926269531,0.005617841612547636,85.48448677087805,21.95
48,1948,baker_ecu,-0.45,-78.04,283.17578125,0.007270699832588434,87.59591278679784,24.24
62,1950,jenkins,-12.4,-69.2,297.13836669921875,0.007995782420039177,87.30331884851749,22.961
23,1943,ortega_jam,-9.25,-63.25,297.7320251464844,0.0059641641564667225,84.5952803443839,22.72
79,1951,rodcat_fsa,-19.06,-69.27,276.9068298339844,0.0019322410225868225,45.37987109537163,25.45877
47,1947,ortega_jam,-9.25,-63.25,298.263671875,0.0068165622651577,88.56889337158479,23.95
205,1964,ortega_jam,-9.25,-63.25,298.7444152832031,0.005423398222774267,80.61490254287185,24.016666666666666
199,1963,rodcat_fsa,-19.06,-69.27,277.5561218261719,0.001954366685822606,39.46220001539467,26.04042
297,1973,rodcat_gua,-18.28,-69.04,276.80877685546875,0.0028517667669802904,35.313020096143205,25.71259
511,1994,rodcat_fsa,-19.06,-69.27,278.8682556152344,0.0020449317526072264,40.116564573239415,29.92921
63,1950,ball_m,-12.6,-69.2,297.13836669921875,0.007995782420039177,87.30331884851749,23.91
542,1997,rodcat_gua,-18.28,-69.04,277.1874084472656,0.002519693924114108,31.042257181219952,31.24897
150,1959,baker_ecu,-0.45,-78.04,283.3265686035156,0.006269985809922218,84.31212489095955,24.23
279,1971,rodcat_fsa,-19.06,-69.27,277.0989990234375,0.0014947913587093353,33.59737041324256,25.49669
611,2004,ortega_jam,-9.25,-63.25,299.4333801269531,0.006358674261718988,83.25058620828732,24.083333333333332
396,1983,rodcat_utu,-22.18,-67.14,275.677490234375,0.0006480191950686276,21.659166663196626,24.16132
196,1963,rodcat_utu,-22.18,-67.14,274.7597351074219,0.0013639131793752313,23.676440133457575,26.04042
603,2003,rodcat_gua,-18.28,-69.04,277.7588806152344,0.002160247415304184,29.96774502282432,30.55579
121,1956,brie_sel,-10.1,-66.31,297.49127197265625,0.005185267422348261,87.39873484483478,22.21
443,1988,ball_m,-12.6,-69.2,297.8895263671875,0.0057502188719809055,82.88871394499706,24.27
463,1990,ball_m,-12.6,-69.2,297.5050354003906,0.0069391909055411816,86.35238106906841,21.165
499,1993,rodcat_irr,-20.43,-68.34,279.2356262207031,0.0013048481196165085,29.65984693891679,32.92249
364,1980,ball_v,-22.0,-66.0,281.70562744140625,0.0013744136085733771,25.35786729076714,30.395
58,1949,ball_v,-22.0,-66.0,280.1493225097656,0.0021135590504854918,33.0278668087354,30.67
482,1992,jenkins,-12.4,-69.2,297.6054382324219,0.007171884644776583,86.37993303540911,24.435
331,1977,brie_sel,-10.1,-66.31,298.2474060058594,0.005606966558843851,85.5478801846251,22.78
272,1971,jenkins,-12.4,-69.2,296.97674560546875,0.006685495842248201,85.38791104245225,23.814
409,1984,rodcat_fsa,-19.06,-69.27,277.7232666015625,0.002801889553666115,47.30367625090296,22.63726
629,2006,ortega_jam,-9.25,-63.25,299.4618835449219,0.006018353160470724,79.00676524919952,22.4
457,1989,rodcat_gua,-18.28,-69.04,277.1044006347656,0.002599947154521942,33.553746474527586,30.96257
433,1987,ball_m,-12.6,-69.2,297.8998107910156,0.006522180512547493,83.81952292554797,21.41
635,2007,brie_sel,-10.1,-66.31,298.956298828125,0.00522876949980855,80.3224111169441,21.52
551,1998,ortega_jam,-9.25,-63.25,299.9624328613281,0.005680281203240156,81.06642341109168,25.599999999999998
378,1981,rodcat_irr,-20.43,-68.34,278.9607849121094,0.0012422222644090652,25.127373524700392,30.72643
59,1949,ortega_jam,-9.25,-63.25,298.9013977050781,0.0044174338690936565,81.17793725722578,22.433333333333334
64,1950,ball_v,-22.0,-66.0,279.65887451171875,0.0021428093314170837,38.10369081367669,31.085
33,1945,ball_m,-12.6,-69.2,297.8597717285156,0.006110793445259333,85.69918411964768,22.34
176,1961,rodcat_utu,-22.18,-67.14,275.2490539550781,0.0011490322649478912,23.790345705631918,27.36646
168,1960,rodcat_irr,-20.43,-68.34,278.2917785644531,0.0008253976702690125,27.00105150455922,31.06187
500,1993,rodcat_fsa,-19.06,-69.27,278.3653564453125,0.0022907499223947525,40.89164479943094,28.21672
425,1986,ortega_jam,-9.25,-63.25,298.6966247558594,0.006289297714829445,85.18274109646475,22.96666666666667
647,2009,baker_ecu,-0.45,-78.04,284.4483337402344,0.00736220320686698,86.44776493092638,24.19
432,1987,jenkins,-12.4,-69.2,297.8998107910156,0.006522180512547493,83.81952292554797,24.897
113,1955,ball_m,-12.6,-69.2,297.2459716796875,0.006342925131320953,85.3047103676183,21.44
324,1976,ball_v,-22.0,-66.0,280.6846008300781,0.0016879215836524963,28.635804236043043,30.165
598,2003,brie_elt,-10.98,-65.72,298.90277099609375,0.004761506337672472,83.04159254935585,21.96
465,1990,ortega_jam,-9.25,-63.25,298.9255676269531,0.006024539936333895,84.16038299770487,23.78
53,1948,ortega_jam,-9.25,-63.25,299.4009094238281,0.003323528915643692,75.90917617855735,24.549999999999997
7,1941,brie_sel,-10.1,-66.31,298.1903381347656,0.005280521232634783,85.78743810270724,22.07
230,1967,baker_ecu,-0.45,-78.04,283.451904296875,0.007456330582499504,85.90077111516545,25.37
429,1986,rodcat_fsa,-19.06,-69.27,278.00189208984375,0.0026627611368894577,39.04580939091544,25.0812
634,2007,baker_ecu,-0.45,-78.04,284.1776428222656,0.006868876051157713,86.82137061067986,22.94
35,1945,ortega_jam,-9.25,-63.25,298.4046936035156,0.0062752352096140385,84.4739714334154,23.98333333333333
369,1980,rodcat_fsa,-19.06,-69.27,278.3883056640625,0.001067092060111463,33.163200751090464,27.20993
266,1970,rodcat_utu,-22.18,-67.14,274.7835693359375,0.000804021954536438,19.561097948408545,27.21705
299,1973,rodcat_fsa,-19.06,-69.27,278.0751647949219,0.0019208031008020043,39.53637206652307,23.67465
624,2005,rodcat_fsa,-19.06,-69.27,279.1835021972656,0.0018638012697920203,32.968371474900216,25.31356
143,1958,ball_m,-12.6,-69.2,297.8521423339844,0.006838312838226557,85.33000792609378,21.310000000000002
296,1973,rodcat_utu,-22.18,-67.14,275.5239562988281,0.000917463272344321,19.11243200936949,23.67465
302,1974,jenkins,-12.4,-69.2,297.2511291503906,0.006754123140126467,85.13055994321681,24.405
449,1988,rodcat_fsa,-19.06,-69.27,278.6410827636719,0.001978368265554309,39.595366681633024,28.41711
223,1966,ball_m,-12.6,-69.2,297.9621887207031,0.0054693385027348995,80.87718812974938,24.08
30,1945,baker_ecu,-0.45,-78.04,282.9806213378906,0.007662960793823004,85.2792465092611,23.38
326,1976,rodcat_utu,-22.18,-67.14,273.7015075683594,0.001131594181060791,30.2596452199214,23.99682
285,1972,ortega_jam,-9.25,-63.25,298.6228332519531,0.005852974485605955,86.33408507355153,22.7
57,1949,ball_m,-12.6,-69.2,297.6568908691406,0.005149641539901495,84.80392863092648,23.995
519,1995,rodcat_utu,-22.18,-67.14,276.21240234375,0.0005876421928405762,16.331621139832244,28.91736
348,1978,rodcat_irr,-20.43,-68.34,278.9159851074219,0.0012103468179702759,30.70584103278956,30.9452
268,1970,rodcat_irr,-20.43,-68.34,278.32745361328125,0.0006225171382538974,26.54766499481129,32.13602
39,1946,ball_m,-12.6,-69.2,297.7449951171875,0.006697121541947126,87.30326297832399,23.380000000000003
0,1940,baker_ecu,-0.45,-78.04,283.466796875,0.0063961767591536045,85.52848451106868,24.51
574,2000,rodcat_irr,-20.43,-68.34,279.7313537597656,0.0006918938015587628,22.777566933975365,30.48688
477,1991,rodcat_gua,-18.28,-69.04,277.1689147949219,0.00244806706905365,30.68237936195824,28.97588
17,1942,ortega_jam,-9.25,-63.25,298.5428161621094,0.005191455129534006,74.93024405345055,24.2
384,1982,ball_v,-22.0,-66.0,281.75579833984375,0.0018096131971105933,27.33579438690623,32.285
337,1977,rodcat_gua,-18.28,-69.04,277.0630187988281,0.002807139651849866,36.56196491907943,28.16992
437,1987,rodcat_gua,-18.28,-69.04,276.8683166503906,0.0021195579320192337,32.4972827368252,30.28953
571,2000,ortega_jam,-9.25,-63.25,299.1215515136719,0.006035228725522757,81.80513450129534,23.299999999999997
227,1966,rodcat_gua,-18.28,-69.04,276.2384338378906,0.0018291132291778922,25.195421862509626,30.72256
522,1995,rodcat_fsa,-19.06,-69.27,279.2746887207031,0.0010828431695699692,29.12335079736478,28.91736
20,1943,jenkins,-12.4,-69.2,297.0997314453125,0.006612369325011969,85.84283433881994,23.811
442,1988,jenkins,-12.4,-69.2,297.8895263671875,0.0057502188719809055,82.88871394499706,23.762
523,1996,baker_ecu,-0.45,-78.04,283.5196838378906,0.007259825244545937,86.56445885190261,23.71
573,2000,rodcat_gua,-18.28,-69.04,277.3437805175781,0.002503756433725357,29.359174870761628,25.92559
78,1951,rodcat_irr,-20.43,-68.34,278.26708984375,0.001155594945885241,31.778984441152176,31.57067
91,1953,brie_sel,-10.1,-66.31,298.0258483886719,0.005834035575389862,86.43693487104082,21.43
159,1959,rodcat_fsa,-19.06,-69.27,277.9403381347656,0.0013935392489656806,41.748199117728014,23.64535
392,1983,jenkins,-12.4,-69.2,297.792724609375,0.006895877420902252,85.85489702661924,24.15
22,1943,ball_v,-22.0,-66.0,278.7546081542969,0.0021450594067573547,44.55645588795175,31.29
265,1970,ortega_jam,-9.25,-63.25,298.8121643066406,0.00620567100122571,82.5743377085291,24.75
480,1992,baker_ecu,-0.45,-78.04,284.0337219238281,0.007141321897506714,84.85647229323135,24.77
520,1995,rodcat_gua,-18.28,-69.04,277.9070739746094,0.0017647985368967056,24.003544751867885,31.47729
404,1984,ball_v,-22.0,-66.0,280.9466247558594,0.0022973131854087114,34.613072483672724,30.63
367,1980,rodcat_gua,-18.28,-69.04,277.1380920410156,0.0014919793466106057,27.45752541341912,29.50053
87,1952,rodcat_gua,-18.28,-69.04,276.0401916503906,0.001863427460193634,36.52055712503797,28.97798
179,1961,rodcat_fsa,-19.06,-69.27,278.0703430175781,0.0020764328073710203,46.48484266124587,27.36646
615,2004,rodcat_fsa,-19.06,-69.27,278.9101867675781,0.00180792436003685,36.85330961237677,27.75339
428,1986,rodcat_irr,-20.43,-68.34,279.1527404785156,0.0013183491537347436,28.979483395995402,29.90743
308,1974,rodcat_irr,-20.43,-68.34,278.4228210449219,0.0014850409934297204,28.56243278219295,27.2377
330,1977,baker_ecu,-0.45,-78.04,283.9151611328125,0.00689006457105279,83.61285757868984,24.84
8,1941,jenkins,-12.4,-69.2,297.3855895996094,0.007601084653288126,87.46470628523304,22.847
255,1969,ortega_jam,-9.25,-63.25,299.6002197265625,0.004670003894716501,76.84394310989676,24.133333333333336
11,1941,ortega_jam,-9.25,-63.25,298.6623840332031,0.0062754228711128235,86.4395825839233,24.683333333333334
450,1989,baker_ecu,-0.45,-78.04,283.5979919433594,0.007988094352185726,85.45574349761364,24.85
509,1994,rodcat_gua,-18.28,-69.04,277.8005065917969,0.002675137249752879,32.6698727364268,30.43876
260,1970,baker_ecu,-0.45,-78.04,283.6759948730469,0.008210101164877415,85.33703493745335,23.08
267,1970,rodcat_gua,-18.28,-69.04,276.30389404296875,0.001870927051641047,30.92117669277622,26.86747
67,1950,rodcat_gua,-18.28,-69.04,275.2593688964844,0.002359376521781087,43.332196741083784,30.85729
172,1961,jenkins,-12.4,-69.2,298.4646911621094,0.004379557445645332,80.52660852059242,22.497
568,2000,brie_elt,-10.98,-65.72,298.2709045410156,0.004783631768077612,84.08642414452504,22.58
652,2010,baker_ecu,-0.45,-78.04,284.6221923828125,0.007251761853694916,85.50933029088925,24.02
593,2002,rodcat_gua,-18.28,-69.04,277.2884521484375,0.003039645729586482,40.688815940633255,31.80987
453,1989,ball_m,-12.6,-69.2,297.5411376953125,0.0066993702203035355,84.49765704140621,22.155
217,1965,rodcat_gua,-18.28,-69.04,275.7216796875,0.0017769871046766639,25.373656135906725,34.23051
535,1997,brie_sel,-10.1,-66.31,299.0948486328125,0.005336958449333906,82.36853705672078,23.97
316,1975,rodcat_utu,-22.18,-67.14,274.497802734375,0.0016781712183728814,26.902473174884197,22.75708
372,1981,jenkins,-12.4,-69.2,297.5703430175781,0.007327325642108917,86.07005103450912,23.048
355,1979,ortega_jam,-9.25,-63.25,298.7501220703125,0.00486482260748744,83.98042685884272,22.85
334,1977,ball_v,-22.0,-66.0,281.51348876953125,0.0020546820014715195,32.95117675730693,29.145
101,1954,brie_sel,-10.1,-66.31,298.1578063964844,0.005539839621633291,82.96667247894153,20.34
368,1980,rodcat_irr,-20.43,-68.34,279.26611328125,0.0004552627506200224,22.73054133692706,31.63414
491,1993,brie_sel,-10.1,-66.31,298.1856384277344,0.0056277792900800705,84.37495924714314,20.85
481,1992,brie_sel,-10.1,-66.31,298.427734375,0.005522401537746191,85.24075180958586,20.86
103,1954,ball_m,-12.6,-69.2,297.47119140625,0.006856127176433802,85.54195323731408,21.634999999999998
539,1997,ball_v,-22.0,-66.0,281.9142150878906,0.0016536079347133636,27.0530200198695,32.445
25,1944,brie_sel,-10.1,-66.31,298.3420715332031,0.005067889112979174,84.99565519068176,21.62
313,1975,ball_m,-12.6,-69.2,297.6501770019531,0.006428801920264959,84.56607241369208,21.729999999999997
554,1998,rodcat_irr,-20.43,-68.34,280.4375915527344,0.00035419812775216997,21.34834647080083,32.17572
332,1977,jenkins,-12.4,-69.2,297.7797546386719,0.0063926144503057,85.89721490253379,26.332
197,1963,rodcat_gua,-18.28,-69.04,275.92327880859375,0.0030122704338282347,37.88859637826894,28.01827
452,1989,jenkins,-12.4,-69.2,297.5411376953125,0.0066993702203035355,84.49765704140621,24.914
458,1989,rodcat_irr,-20.43,-68.34,279.2794494628906,0.0009830897906795144,27.490671536620994,32.45601
352,1979,jenkins,-12.4,-69.2,297.6229248046875,0.006516742054373026,86.40007527793776,25.024
282,1972,jenkins,-12.4,-69.2,297.7748107910156,0.006360737141221762,85.53992470940935,23.352
137,1957,rodcat_gua,-18.28,-69.04,276.0774841308594,0.0015390435000881553,26.295932315063624,30.97659
507,1994,ortega_jam,-9.25,-63.25,298.8838806152344,0.0065248035825788975,85.06982880565414,22.0
349,1978,rodcat_fsa,-19.06,-69.27,277.7337951660156,0.002138496609404683,44.55210934911098,25.02381
420,1986,baker_ecu,-0.45,-78.04,283.5821838378906,0.00870080292224884,86.68968000869812,24.05
261,1970,brie_sel,-10.1,-66.31,298.486572265625,0.005430524703115225,83.3873746292121,19.87
376,1981,rodcat_utu,-22.18,-67.14,275.3879089355469,0.001275785849429667,20.211647631516954,25.16866
430,1987,baker_ecu,-0.45,-78.04,284.3014221191406,0.007651710882782936,85.83825399107596,25.09
642,2008,baker_ecu,-0.45,-78.04,284.197021484375,0.009264816530048847,86.95096946435508,23.53
120,1956,baker_ecu,-0.45,-78.04,282.6528015136719,0.008476920425891876,86.92170528193837,24.24
193,1963,ball_m,-12.6,-69.2,298.5972595214844,0.004471061285585165,78.91415876005561,22.865
446,1988,rodcat_utu,-22.18,-67.14,275.8139343261719,0.0012365964939817786,22.21115180451532,28.41711
616,2005,baker_ecu,-0.45,-78.04,284.3362121582031,0.007515395060181618,86.66953712086357,24.07
435,1987,ortega_jam,-9.25,-63.25,299.3131103515625,0.005616342648863792,82.4338879082177,24.96666666666667
627,2006,brie_elt,-10.98,-65.72,298.9894104003906,0.0045848749577999115,81.15067769821106,23.06
448,1988,rodcat_irr,-20.43,-68.34,279.7350769042969,0.001146781607531011,27.680754176648165,32.77246
160,1960,baker_ecu,-0.45,-78.04,283.2574462890625,0.0059508513659238815,84.63290308931502,25.24
585,2001,rodcat_fsa,-19.06,-69.27,278.9277648925781,0.002384316176176071,36.284507897177996,25.12382
549,1998,ball_m,-12.6,-69.2,298.2655334472656,0.00605866638943553,84.24810949169631,23.26
14,1942,jenkins,-12.4,-69.2,297.05914306640625,0.0061046052724123,79.49043518008556,24.447
289,1972,rodcat_fsa,-19.06,-69.27,277.9964294433594,0.0017486736178398132,35.51800297309049,26.21046
354,1979,ball_v,-22.0,-66.0,281.1661071777344,0.0019789289217442274,26.469112412994956,30.810000000000002
415,1985,ortega_jam,-9.25,-63.25,298.6403503417969,0.006916877347975969,84.26629963273433,24.3
604,2003,rodcat_irr,-20.43,-68.34,280.4061279296875,0.0006350806797854602,23.137586659790074,32.69626
270,1971,baker_ecu,-0.45,-78.04,283.2923278808594,0.00952132511883974,86.32494954647379,22.81
532,1996,rodcat_irr,-20.43,-68.34,279.6424865722656,0.000515452295076102,21.899252813733014,32.56563
321,1976,brie_sel,-10.1,-66.31,298.0414123535156,0.005017826333642006,83.06250390612469,22.48
564,1999,rodcat_irr,-20.43,-68.34,279.5250549316406,0.0009544013882987201,25.149480860706635,31.94811
350,1979,baker_ecu,-0.45,-78.04,283.931640625,0.006924377754330635,84.89331464378009,25.31
252,1969,jenkins,-12.4,-69.2,298.09783935546875,0.006297173444181681,85.7041802479474,22.262
580,2001,ball_m,-12.6,-69.2,297.9944152832031,0.006116418167948723,86.01142608931059,23.134999999999998
290,1973,baker_ecu,-0.45,-78.04,283.8937072753906,0.008030845783650875,85.68782041611853,23.88
467,1990,rodcat_gua,-18.28,-69.04,276.8659362792969,0.0026333220303058624,34.17607288822728,29.07092
621,2005,rodcat_utu,-22.18,-67.14,275.805419921875,0.0010787179926410317,19.852581372004607,25.31356
173,1961,ball_m,-12.6,-69.2,298.4646911621094,0.004379557445645332,80.52660852059242,22.395
295,1973,ortega_jam,-9.25,-63.25,298.682373046875,0.006388114299625158,86.72952664521429,24.883333333333336
246,1968,rodcat_utu,-22.18,-67.14,274.21710205078125,0.0011004681000486016,21.98783976094629,26.23471
83,1952,ball_m,-12.6,-69.2,297.4098815917969,0.006325861439108849,86.4202496313185,22.81
440,1988,baker_ecu,-0.45,-78.04,283.93597412109375,0.007695585489273071,85.57846089154197,24.05
225,1966,ortega_jam,-9.25,-63.25,298.8851013183594,0.005197454709559679,80.16288950648236,25.583333333333332
18,1943,baker_ecu,-0.45,-78.04,282.672119140625,0.00851742085069418,87.20412901387397,23.92
190,1963,baker_ecu,-0.45,-78.04,283.4356994628906,0.0065103680826723576,84.75509513173803,25.92
393,1983,ball_m,-12.6,-69.2,297.792724609375,0.006895877420902252,85.85489702661924,21.810000000000002
180,1962,baker_ecu,-0.45,-78.04,283.0915832519531,0.0077955275774002075,85.66700699213034,24.54
234,1967,ball_v,-22.0,-66.0,280.7463073730469,0.001750923111103475,26.708982338123,31.075000000000003
565,1999,rodcat_fsa,-19.06,-69.27,278.8421936035156,0.0018135501304641366,34.270624921150905,25.35183
557,1999,brie_sel,-10.1,-66.31,298.6147155761719,0.005180391948670149,82.62010491321958,21.22
165,1960,ortega_jam,-9.25,-63.25,298.8756103515625,0.005731096025556326,80.20249775607033,24.75
284,1972,ball_v,-22.0,-66.0,281.08697509765625,0.00157935603056103,22.355714452144593,32.165
651,2009,rodcat_gua,-18.28,-69.04,277.68243408203125,0.002560008317232132,25.818272885966703,29.62297
117,1955,rodcat_gua,-18.28,-69.04,275.6772766113281,0.0021469343919306993,39.054543253504036,28.52182
221,1966,brie_sel,-10.1,-66.31,298.502685546875,0.0042863693088293076,79.56843533962895,20.88
209,1964,rodcat_fsa,-19.06,-69.27,277.4698791503906,0.000989652588032186,27.383628503329394,29.16227
130,1957,baker_ecu,-0.45,-78.04,283.1241760253906,0.006572430953383446,85.53388846546302,24.27
96,1953,rodcat_utu,-22.18,-67.14,273.6490478515625,0.000992652028799057,26.296591537672466,26.39844
280,1972,baker_ecu,-0.45,-78.04,283.82666015625,0.008329729549586773,85.44805775600028,23.84
61,1950,brie_sel,-10.1,-66.31,297.8314514160156,0.0061657321639359,85.27077984024892,22.35
73,1951,ball_m,-12.6,-69.2,297.32208251953125,0.006671432871371508,87.6869818005509,22.25
637,2007,ortega_jam,-9.25,-63.25,299.40631103515625,0.0058734118938446045,79.6012834601599,24.18
293,1973,ball_m,-12.6,-69.2,297.50921630859375,0.007760088425129652,86.6950299135454,22.509999999999998
431,1987,brie_sel,-10.1,-66.31,299.0589294433594,0.004935136530548334,80.84043987251265,22.36
494,1993,ball_m,-12.6,-69.2,297.5739440917969,0.007244824897497892,85.19459854676182,22.89
619,2005,jenkins,-12.4,-69.2,298.5191345214844,0.006462177261710167,83.09111918059055,24.483
86,1952,rodcat_utu,-22.18,-67.14,274.1902770996094,0.0009562757913954556,23.702784591935753,25.19753
533,1996,rodcat_fsa,-19.06,-69.27,278.48297119140625,0.0014413526514545083,33.610990204267246,26.71055
328,1976,rodcat_irr,-20.43,-68.34,277.8026123046875,0.0012099711457267404,35.95346249904557,31.19445
505,1994,ball_m,-12.6,-69.2,298.0735168457031,0.00672862259671092,85.27374468640704,22.165
116,1955,rodcat_utu,-22.18,-67.14,273.62908935546875,0.001033153967000544,26.389474743487444,28.06272
107,1954,rodcat_gua,-18.28,-69.04,275.67547607421875,0.002405129373073578,39.372508130161584,27.36416
131,1957,brie_sel,-10.1,-66.31,298.6163635253906,0.005073515698313713,81.78834243592974,22.58
590,2002,ball_m,-12.6,-69.2,298.4346923828125,0.007134946063160896,86.06336953170512,23.17
218,1965,rodcat_irr,-20.43,-68.34,278.1146240234375,0.0005385142867453396,22.376855457335957,33.54966
36,1946,baker_ecu,-0.45,-78.04,283.01202392578125,0.007609333842992783,86.36489595850185,24.43
254,1969,ball_v,-22.0,-66.0,281.6018371582031,0.0015538552543148398,23.50808304770803,32.3
146,1958,rodcat_utu,-22.18,-67.14,274.87109375,0.0007920221542008221,21.298914996135444,28.58345
200,1964,baker_ecu,-0.45,-78.04,283.4851379394531,0.0058396607637405396,83.69706719916934,25.06
286,1972,rodcat_utu,-22.18,-67.14,274.8232116699219,0.0010430918773636222,20.08283178260238,26.21046
605,2003,rodcat_fsa,-19.06,-69.27,279.3592834472656,0.001286473125219345,33.69246984284116,27.25867
517,1995,ball_v,-22.0,-66.0,282.134521484375,0.0016076707979664207,23.590387891959274,31.89
422,1986,jenkins,-12.4,-69.2,297.4366760253906,0.006280861329287291,86.8155580219504,23.283
636,2007,brie_elt,-10.98,-65.72,298.8482360839844,0.004938136786222458,81.50808491926506,21.53
169,1960,rodcat_fsa,-19.06,-69.27,277.4569091796875,0.0012950990349054337,37.97963670219013,27.68692
278,1971,rodcat_irr,-20.43,-68.34,277.5265197753906,0.0008599000866524875,26.107987361203705,30.9799
390,1983,baker_ecu,-0.45,-78.04,284.1900634765625,0.006858190055936575,85.24800769644342,23.67
426,1986,rodcat_utu,-22.18,-67.14,275.18707275390625,0.001347975223325193,24.3299603525102,25.0812
281,1972,brie_sel,-10.1,-66.31,298.451904296875,0.004804819822311401,84.06687885839581,21.68
656,2010,rodcat_gua,-18.28,-69.04,278.4820861816406,0.0022320610005408525,23.60208372276878,27.83966
501,1994,baker_ecu,-0.45,-78.04,283.91619873046875,0.008038721047341824,85.97997421462999,24.19
243,1968,ball_m,-12.6,-69.2,297.4821472167969,0.005955725908279419,85.50860949395293,23.54
486,1992,rodcat_utu,-22.18,-67.14,274.8838806152344,0.0008660865132696927,18.967921051946636,27.31086
157,1959,rodcat_gua,-18.28,-69.04,276.4519958496094,0.002169247716665268,37.49398030941611,28.91029
596,2003,baker_ecu,-0.45,-78.04,283.4767761230469,0.007124446332454681,88.20904571960146,24.12
102,1954,jenkins,-12.4,-69.2,297.47119140625,0.006856127176433802,85.54195323731408,20.255
206,1964,rodcat_utu,-22.18,-67.14,274.7488708496094,0.0004871381970588118,14.185921777581486,29.16227
567,2000,brie_sel,-10.1,-66.31,298.3125915527344,0.005187891889363527,83.79988215254147,22.11
50,1948,jenkins,-12.4,-69.2,298.6459045410156,0.003520411206409335,76.77726349176568,21.565
436,1987,rodcat_utu,-22.18,-67.14,274.5687561035156,0.0012941608438268304,30.809705516359216,27.56459
589,2002,jenkins,-12.4,-69.2,298.4346923828125,0.007134946063160896,86.06336953170512,24.71
439,1987,rodcat_fsa,-19.06,-69.27,278.5223083496094,0.0016491090646013618,37.81999771331389,27.56459
27,1944,ball_m,-12.6,-69.2,298.044921875,0.006577681750059128,86.8521697307781,22.375
530,1996,rodcat_utu,-22.18,-67.14,275.7088317871094,0.0006463310564868152,17.506920474600985,26.71055
510,1994,rodcat_irr,-20.43,-68.34,280.1090393066406,0.0010288413614034653,25.870328012639494,33.28818
241,1968,brie_sel,-10.1,-66.31,298.1351318359375,0.004555250983685255,82.34351440213705,22.95
112,1955,jenkins,-12.4,-69.2,297.2459716796875,0.006342925131320953,85.3047103676183,22.152
412,1985,jenkins,-12.4,-69.2,297.4844055175781,0.007034819573163986,86.4669090582449,25.447
531,1996,rodcat_gua,-18.28,-69.04,277.17462158203125,0.0023438148200511932,29.409166020871595,28.00505
294,1973,ball_v,-22.0,-66.0,281.5594787597656,0.0016871715197339654,23.494815162188672,32.485
646,2008,rodcat_gua,-18.28,-69.04,277.4508972167969,0.0020139936823397875,22.612956101143716,30.2401
455,1989,ortega_jam,-9.25,-63.25,298.6697692871094,0.006516179069876671,83.95247364727621,22.083333333333332
188,1962,rodcat_irr,-20.43,-68.34,278.3935241699219,0.0004635130462702364,22.926748994848136,30.25365
219,1965,rodcat_fsa,-19.06,-69.27,277.2068176269531,0.0011994714150205255,30.929509286640627,30.28355
343,1978,ball_m,-12.6,-69.2,297.7666320800781,0.0070996955037117004,86.06314820080975,22.71
104,1954,ball_v,-22.0,-66.0,279.73321533203125,0.0017631109803915024,33.98320395043317,29.33
183,1962,ball_m,-12.6,-69.2,297.72930908203125,0.004942073952406645,80.1610501187387,21.795
90,1953,baker_ecu,-0.45,-78.04,283.2965087890625,0.008784993551671505,86.43056739929213,23.04
338,1977,rodcat_irr,-20.43,-68.34,279.4227600097656,0.0012236585607752204,30.75337576522611,31.45988
55,1949,brie_sel,-10.1,-66.31,298.5653381347656,0.0038099177181720734,79.39302158684062,21.66
248,1968,rodcat_irr,-20.43,-68.34,277.8768615722656,0.0009020883589982986,29.13153103848015,32.9781
336,1977,rodcat_utu,-22.18,-67.14,275.51788330078125,0.0013376610586419702,25.69874901835021,24.70703
138,1957,rodcat_irr,-20.43,-68.34,278.158203125,0.0007537715137004852,24.628081345182153,32.43783
365,1980,ortega_jam,-9.25,-63.25,298.8782958984375,0.005643716547638178,84.72349315619061,24.899999999999995
239,1967,rodcat_fsa,-19.06,-69.27,277.5246887207031,0.0018429873744025826,37.088573522821086,27.3154
478,1991,rodcat_irr,-20.43,-68.34,279.5845642089844,0.000980652286671102,26.995510841028313,32.40486
123,1956,ball_m,-12.6,-69.2,296.7607727050781,0.0066389949060976505,87.62153256381568,22.97
99,1953,rodcat_fsa,-19.06,-69.27,277.5836181640625,0.0010832175612449646,39.83934815696186,26.39844
609,2004,jenkins,-12.4,-69.2,298.10888671875,0.006642183288931847,86.27685185404516,25.933
24,1944,baker_ecu,-0.45,-78.04,283.2665710449219,0.006799313705414534,85.58649925276961,24.02
56,1949,jenkins,-12.4,-69.2,297.6568908691406,0.005149641539901495,84.80392863092648,20.687
469,1990,rodcat_fsa,-19.06,-69.27,278.3947448730469,0.0018336126813665032,37.940609453063296,26.60226
397,1983,rodcat_gua,-18.28,-69.04,277.80426025390625,0.0013020368060097098,24.653140532625084,26.49413
475,1991,ortega_jam,-9.25,-63.25,298.9256286621094,0.006009165197610855,84.06989489841287,23.459999999999997
34,1945,ball_v,-22.0,-66.0,279.7740173339844,0.00203574332408607,34.34649741469371,31.16
587,2002,brie_sel,-10.1,-66.31,299.29949951171875,0.004586188588291407,84.24172915747374,22.4
483,1992,ball_m,-12.6,-69.2,297.6054382324219,0.007171884644776583,86.37993303540911,22.950000000000003
60,1950,baker_ecu,-0.45,-78.04,282.7870178222656,0.010070713236927986,86.16075134813582,22.91
391,1983,brie_sel,-10.1,-66.31,298.8988342285156,0.004999075550585985,83.71569459294697,21.58
577,2001,brie_sel,-10.1,-66.31,298.79644775390625,0.005211143288761377,82.73984762001439,21.99
144,1958,ball_v,-22.0,-66.0,280.75518798828125,0.0017638616263866425,29.19186752290226,32.17
363,1980,ball_m,-12.6,-69.2,297.70965576171875,0.0067659360356628895,84.96002542284762,21.625
251,1969,brie_sel,-10.1,-66.31,299.07623291015625,0.004818883258849382,80.20150729326151,22.04
151,1959,brie_sel,-10.1,-66.31,298.4132385253906,0.005104641895741224,83.42288658531581,22.92
536,1997,brie_elt,-10.98,-65.72,298.9999694824219,0.004976949188858271,83.39630181278935,23.93
259,1969,rodcat_fsa,-19.06,-69.27,278.2614440917969,0.0014957288512960076,33.51994639487457,28.12421
512,1995,baker_ecu,-0.45,-78.04,283.88751220703125,0.0069980681873857975,84.89144205579193,23.71
410,1985,baker_ecu,-0.45,-78.04,283.3237609863281,0.007639522198587656,85.58738953492465,24.29
561,1999,ortega_jam,-9.25,-63.25,299.156005859375,0.005985727533698082,81.85907153067777,22.45
98,1953,rodcat_irr,-20.43,-68.34,278.4527282714844,0.0007346452330239117,28.39654057489913,31.62853
184,1962,ball_v,-22.0,-66.0,280.3042297363281,0.001584793790243566,27.705255472209917,30.63
592,2002,rodcat_utu,-22.18,-67.14,275.19793701171875,0.0008422725950367749,25.589252890174464,26.57584
581,2001,ortega_jam,-9.25,-63.25,298.901611328125,0.006047040689736605,84.11827127449911,23.349999999999998
84,1952,ball_v,-22.0,-66.0,279.9737854003906,0.0020741820335388184,36.59475098048489,30.83
347,1978,rodcat_gua,-18.28,-69.04,276.2275085449219,0.0028534531593322754,38.87596359655887,28.57307
333,1977,ball_m,-12.6,-69.2,297.7797546386719,0.0063926144503057,85.89721490253379,22.015
502,1994,brie_sel,-10.1,-66.31,298.6805419921875,0.005764283239841461,83.45005143939403,22.39
476,1991,rodcat_utu,-22.18,-67.14,275.6566467285156,0.001110592857003212,22.619314977096646,28.06713
273,1971,ball_m,-12.6,-69.2,296.97674560546875,0.006685495842248201,85.38791104245225,21.955
599,2003,jenkins,-12.4,-69.2,298.1677551269531,0.006530055310577154,84.4746834622944,25.188
71,1951,brie_sel,-10.1,-66.31,298.0704040527344,0.0055143386125564575,84.62490173440881,21.63
413,1985,ball_m,-12.6,-69.2,297.4844055175781,0.007034819573163986,86.4669090582449,22.475
387,1982,rodcat_gua,-18.28,-69.04,276.6401062011719,0.0027955148834735155,34.6070522394629,32.51046
356,1979,rodcat_utu,-22.18,-67.14,275.16180419921875,0.001050404622219503,19.95733927346035,28.0609
613,2004,rodcat_gua,-18.28,-69.04,277.4234619140625,0.0024808805901557207,32.71471452458846,30.97017
310,1975,baker_ecu,-0.45,-78.04,283.1958923339844,0.008566359989345074,86.15029403891818,23.0
345,1978,ortega_jam,-9.25,-63.25,298.63568115234375,0.006150356959551573,83.50147240345166,23.775
125,1956,ortega_jam,-9.25,-63.25,298.1143798828125,0.005943726748228073,86.49753821973796,22.416666666666668
323,1976,ball_m,-12.6,-69.2,297.7145690917969,0.0055572777055203915,81.91184840175985,21.995
579,2001,jenkins,-12.4,-69.2,297.9944152832031,0.006116418167948723,86.01142608931059,24.658
456,1989,rodcat_utu,-22.18,-67.14,274.8092041015625,0.0012244085082784295,25.36169264645268,28.85841
269,1970,rodcat_fsa,-19.06,-69.27,277.6346435546875,0.0011089058825746179,35.98174684268758,27.21705
545,1998,baker_ecu,-0.45,-78.04,284.158203125,0.0069478158839046955,87.05221311550746,23.61
94,1953,ball_v,-22.0,-66.0,280.5674743652344,0.0016665458679199219,33.18748671168275,31.009999999999998
572,2000,rodcat_utu,-22.18,-67.14,275.6322326660156,0.0008096477831713855,18.7874773334212,24.08896
1,1940,brie_sel,-10.1,-66.31,298.5198974609375,0.004452873021364212,83.31008853523325,22.24
405,1984,ortega_jam,-9.25,-63.25,298.8068542480469,0.006013477686792612,83.5608251366393,23.53333333333333
115,1955,ortega_jam,-9.25,-63.25,298.6694030761719,0.0056671560741961,81.21644858171422,24.283333333333335
537,1997,jenkins,-12.4,-69.2,298.2701110839844,0.006691871676594019,86.1344973230524,25.058
583,2001,rodcat_gua,-18.28,-69.04,277.3093566894531,0.0029698938596993685,32.30980526523333,28.74816
307,1974,rodcat_gua,-18.28,-69.04,276.0031433105469,0.002729700179770589,35.31573393471874,25.17616
16,1942,ball_v,-22.0,-66.0,278.9698791503906,0.0024261295329779387,43.699899723663115,30.85
162,1960,jenkins,-12.4,-69.2,297.8526916503906,0.005919350311160088,83.75025248168971,20.501
256,1969,rodcat_utu,-22.18,-67.14,275.3560485839844,0.0010575298219919205,18.99054116710355,28.12421
614,2004,rodcat_irr,-20.43,-68.34,279.9316711425781,0.0009913394460454583,26.51019800542444,33.07034
414,1985,ball_v,-22.0,-66.0,281.2322998046875,0.002364627318456769,33.1333908710365,28.195
298,1973,rodcat_irr,-20.43,-68.34,279.0451965332031,0.0007862094789743423,26.595343847010223,29.22413
525,1996,brie_elt,-10.98,-65.72,298.5370178222656,0.004540062043815851,83.06171517323348,21.93
471,1991,brie_sel,-10.1,-66.31,298.5733947753906,0.005228768568485975,83.89908753980156,23.69
215,1965,ortega_jam,-9.25,-63.25,298.5022277832031,0.00619029626250267,84.27136510951588,24.483333333333334
245,1968,ortega_jam,-9.25,-63.25,298.3976135253906,0.00587809830904007,81.5545081375459,24.34
9,1941,ball_m,-12.6,-69.2,297.3855895996094,0.007601084653288126,87.46470628523304,24.884999999999998
418,1985,rodcat_irr,-20.43,-68.34,279.0455322265625,0.00147341622505337,32.356262194930885,30.43967
274,1971,ball_v,-22.0,-66.0,280.4017028808594,0.0015499182045459747,23.806481667197016,32.510000000000005
249,1968,rodcat_fsa,-19.06,-69.27,276.9598388671875,0.0016611082246527076,38.85332985960356,26.23471
149,1958,rodcat_fsa,-19.06,-69.27,277.9212341308594,0.0011059051612392068,36.1344426682651,28.58345
231,1967,brie_sel,-10.1,-66.31,298.27471923828125,0.004973574075847864,84.6306700192703,22.83
466,1990,rodcat_utu,-22.18,-67.14,275.3959045410156,0.0011289684334769845,22.18995540493931,26.60226
503,1994,brie_elt,-10.98,-65.72,298.8493347167969,0.00549333868548274,82.08572141126716,21.98
108,1954,rodcat_irr,-20.43,-68.34,277.96160888671875,0.0009255253826268017,29.51448143463532,30.55693
560,1999,ball_m,-12.6,-69.2,297.9369201660156,0.005826722364872694,83.6143195649201,22.89
315,1975,ortega_jam,-9.25,-63.25,298.4424743652344,0.005165392067283392,83.56976713343285,23.383333333333336
305,1974,ortega_jam,-9.25,-63.25,298.1497802734375,0.006583118811249733,85.5482612509238,22.083333333333332
618,2005,brie_elt,-10.98,-65.72,299.11212158203125,0.004572688136249781,80.05476895752001,20.39
373,1981,ball_m,-12.6,-69.2,297.5703430175781,0.007327325642108917,86.07005103450912,24.14
38,1946,jenkins,-12.4,-69.2,297.7449951171875,0.006697121541947126,87.30326297832399,24.491
51,1948,ball_m,-12.6,-69.2,298.6459045410156,0.003520411206409335,76.77726349176568,25.29
400,1984,baker_ecu,-0.45,-78.04,283.4786376953125,0.007475830148905516,85.58581559781831,24.28
588,2002,brie_elt,-10.98,-65.72,299.2377014160156,0.004765254911035299,84.42645561035513,23.25
460,1990,baker_ecu,-0.45,-78.04,283.9622497558594,0.007198885083198547,85.68774155636017,24.26
461,1990,brie_sel,-10.1,-66.31,298.4352111816406,0.005393585655838251,83.87480231301382,22.51
639,2007,rodcat_gua,-18.28,-69.04,277.75482177734375,0.002395378425717354,31.317162068354992,30.20974
233,1967,ball_m,-12.6,-69.2,297.8365783691406,0.005777597427368164,85.14258090538746,24.560000000000002
258,1969,rodcat_irr,-20.43,-68.34,278.9466247558594,0.0008852121536619961,25.89767234580378,32.94812
402,1984,jenkins,-12.4,-69.2,297.4951171875,0.007058069109916687,86.48724106253052,24.686
154,1959,ball_v,-22.0,-66.0,281.0585632324219,0.001764423563145101,27.378217983111075,30.75
335,1977,ortega_jam,-9.25,-63.25,298.57025146484375,0.006258359178900719,85.11167323272603,24.380000000000003
235,1967,ortega_jam,-9.25,-63.25,298.64862060546875,0.005422273185104132,83.55171004230033,23.360000000000003
167,1960,rodcat_gua,-18.28,-69.04,276.01416015625,0.0018759885570034385,34.20108833759059,29.07932
156,1959,rodcat_utu,-22.18,-67.14,275.3786315917969,0.0008343986119143665,19.928424479598878,23.64535
617,2005,brie_sel,-10.1,-66.31,298.9628601074219,0.0048081944696605206,81.83249171683926,20.4
229,1966,rodcat_fsa,-19.06,-69.27,277.8675231933594,0.0008548361365683377,28.028728539991683,29.6649
606,2004,baker_ecu,-0.45,-78.04,283.9847412109375,0.0065701804123818874,86.41796191536135,23.9
601,2003,ortega_jam,-9.25,-63.25,299.2646789550781,0.006478678900748491,84.30182074381088,25.400000000000002
264,1970,ball_v,-22.0,-66.0,281.02294921875,0.001749986200593412,25.207307863448907,32.370000000000005
126,1956,rodcat_utu,-22.18,-67.14,273.4629821777344,0.000693581358063966,22.29494640712535,30.75084
21,1943,ball_m,-12.6,-69.2,297.0997314453125,0.006612369325011969,85.84283433881994,23.439999999999998
250,1969,baker_ecu,-0.45,-78.04,283.8422546386719,0.007868466898798943,85.65550026375712,24.55
518,1995,ortega_jam,-9.25,-63.25,299.2701721191406,0.005615216214209795,82.11207770870544,24.549999999999997
276,1971,rodcat_utu,-22.18,-67.14,273.9363708496094,0.0010084031382575631,18.570253363068307,25.49669
351,1979,brie_sel,-10.1,-66.31,298.6148376464844,0.004758693277835846,82.86528977213226,23.93
42,1947,baker_ecu,-0.45,-78.04,283.5550231933594,0.00895262137055397,86.61061441536755,24.54
562,1999,rodcat_utu,-22.18,-67.14,275.43084716796875,0.001088842749595642,21.407183099954164,25.35183
473,1991,ball_m,-12.6,-69.2,297.8232116699219,0.006916878279298544,86.18754371613456,22.89
291,1973,brie_sel,-10.1,-66.31,298.22991943359375,0.005988914519548416,86.92799110396855,19.99
262,1970,jenkins,-12.4,-69.2,297.7400207519531,0.005992102902382612,85.40504390688979,23.223
311,1975,brie_sel,-10.1,-66.31,298.0137634277344,0.004943011328577995,84.7086328704163,19.89
54,1949,baker_ecu,-0.45,-78.04,282.7840270996094,0.00722888670861721,86.7041421783769,22.34
3,1940,ball_m,-12.6,-69.2,297.8211975097656,0.006436863914132118,86.35066793257539,22.564999999999998
111,1955,brie_sel,-10.1,-66.31,298.1270446777344,0.005124891176819801,81.54582072368713,20.46
445,1988,ortega_jam,-9.25,-63.25,299.0214538574219,0.006140981335192919,82.49699177498105,24.316666666666666
547,1998,brie_elt,-10.98,-65.72,299.17364501953125,0.005225018132477999,82.541918114358,21.15
504,1994,jenkins,-12.4,-69.2,298.0735168457031,0.00672862259671092,85.27374468640704,25.766
377,1981,rodcat_gua,-18.28,-69.04,276.56890869140625,0.0027255751192569733,29.7145556811917,28.27701
484,1992,ball_v,-22.0,-66.0,280.9588928222656,0.0017385482788085938,24.177790849470778,30.560000000000002
70,1951,baker_ecu,-0.45,-78.04,283.13238525390625,0.008950184099376202,87.61135780082434,23.54
220,1966,baker_ecu,-0.45,-78.04,283.6971435546875,0.007286449428647757,85.25961990730838,24.5
26,1944,jenkins,-12.4,-69.2,298.044921875,0.006577681750059128,86.8521697307781,23.571
508,1994,rodcat_utu,-22.18,-67.14,276.1322326660156,0.0010849051177501678,20.521058981101913,29.92921
655,2010,ortega_jam,-9.25,-63.25,299.9363708496094,0.005298332776874304,76.20284326289078,23.599999999999998
287,1972,rodcat_gua,-18.28,-69.04,276.4388122558594,0.002027493668720126,29.968634115400132,27.12541
427,1986,rodcat_gua,-18.28,-69.04,276.5791015625,0.0033732180017977953,33.499303278391395,27.63302
341,1978,brie_sel,-10.1,-66.31,298.3390808105469,0.005859349388629198,84.278593351884,21.7
329,1976,rodcat_fsa,-19.06,-69.27,277.2294006347656,0.00223768618889153,48.741461909214316,23.99682
44,1947,jenkins,-12.4,-69.2,297.4114990234375,0.007315137889236212,88.17681748106074,21.787
127,1956,rodcat_gua,-18.28,-69.04,274.7106018066406,0.001949866651557386,38.41974315744252,33.05725
385,1982,ortega_jam,-9.25,-63.25,298.82513427734375,0.005690218880772591,86.6891669094375,24.1
13,1942,brie_sel,-10.1,-66.31,297.9461364746094,0.004749505314975977,74.93424086504965,21.28
559,1999,jenkins,-12.4,-69.2,297.9369201660156,0.005826722364872694,83.6143195649201,24.993
408,1984,rodcat_irr,-20.43,-68.34,278.72540283203125,0.0017572982469573617,35.11111914869887,29.8539
304,1974,ball_v,-22.0,-66.0,280.5673522949219,0.0017863617977127433,27.075361502133983,30.465
139,1957,rodcat_fsa,-19.06,-69.27,277.6183776855469,0.0011859697988256812,32.681890593987376,27.6856
374,1981,ball_v,-22.0,-66.0,281.4715881347656,0.001962054520845413,26.3724324100104,31.74
556,1999,baker_ecu,-0.45,-78.04,283.1603698730469,0.007796088699251413,87.40269598200084,23.67
521,1995,rodcat_irr,-20.43,-68.34,280.0842590332031,0.0004605129361152649,20.039674674092737,32.89635
105,1954,ortega_jam,-9.25,-63.25,298.6611022949219,0.005519964266568422,82.612397203352,22.933333333333337
66,1950,rodcat_utu,-22.18,-67.14,274.5334777832031,0.0006615184247493744,22.684628429626827,26.1985
419,1985,rodcat_fsa,-19.06,-69.27,277.8082580566406,0.00287782889790833,47.28297660598559,24.85373
309,1974,rodcat_fsa,-19.06,-69.27,277.4820861816406,0.0021711234003305435,39.81204027697323,21.28176
576,2001,baker_ecu,-0.45,-78.04,283.3604431152344,0.0065225535072386265,86.54114570826201,24.17
136,1957,rodcat_utu,-22.18,-67.14,274.2352294921875,0.0008728361572138965,20.946808996271184,27.6856
514,1995,brie_elt,-10.98,-65.72,298.954345703125,0.0050262631848454475,80.68491739062907,20.31
201,1964,brie_sel,-10.1,-66.31,298.33343505859375,0.00457250140607357,81.08894483780134,22.13
540,1997,ortega_jam,-9.25,-63.25,299.4574279785156,0.005792784970253706,81.23351763388752,24.066666666666663
244,1968,ball_v,-22.0,-66.0,280.5536193847656,0.0017938626697286963,26.27864873219195,31.67
77,1951,rodcat_gua,-18.28,-69.04,275.5092468261719,0.002882516710087657,41.66652244396868,29.71268
29,1944,ortega_jam,-9.25,-63.25,298.5482177734375,0.005889536812901497,85.78917724971525,24.066666666666666
398,1983,rodcat_irr,-20.43,-68.34,279.8626403808594,0.0003836359828710556,25.522817619073972,28.09491
189,1962,rodcat_fsa,-19.06,-69.27,277.258544921875,0.001207532943226397,35.14635045981757,25.79887
45,1947,ball_m,-12.6,-69.2,297.4114990234375,0.007315137889236212,88.17681748106074,22.975
381,1982,brie_sel,-10.1,-66.31,298.5179138183594,0.004647316876798868,86.6033881267708,23.35
93,1953,ball_m,-12.6,-69.2,297.5758361816406,0.007557957898825407,87.60601958863404,22.405
610,2004,ball_m,-12.6,-69.2,298.10888671875,0.006642183288931847,86.27685185404516,22.55
147,1958,rodcat_gua,-18.28,-69.04,276.2873229980469,0.0018186122179031372,31.512623262370536,29.77963
366,1980,rodcat_utu,-22.18,-67.14,275.5192565917969,0.00048263868666253984,17.6960648403404,27.20993
145,1958,ortega_jam,-9.25,-63.25,299.3741149902344,0.006196857895702124,78.81722709110294,23.96666666666667
555,1998,rodcat_fsa,-19.06,-69.27,279.81744384765625,0.001252534450031817,29.456519297481833,26.63616
31,1945,brie_sel,-10.1,-66.31,298.3322448730469,0.00548565061762929,82.82841474995165,21.66
314,1975,ball_v,-22.0,-66.0,280.9397888183594,0.0017766120145097375,27.04381768018111,28.93
170,1961,baker_ecu,-0.45,-78.04,282.94659423828125,0.007526269648224115,85.36463088531883,23.72
423,1986,ball_m,-12.6,-69.2,297.4366760253906,0.006280861329287291,86.8155580219504,23.655
6,1941,baker_ecu,-0.45,-78.04,283.6714782714844,0.007759526371955872,87.61336528132036,25.44
608,2004,brie_elt,-10.98,-65.72,298.5887756347656,0.0059274123050272465,85.8939291443835,21.13
653,2010,brie_sel,-10.1,-66.31,299.59600830078125,0.004541750531643629,78.94182207117615,21.19
643,2008,brie_sel,-10.1,-66.31,298.7499694824219,0.0057054064236581326,82.0273478358132,18.53
612,2004,rodcat_utu,-22.18,-67.14,275.5955505371094,0.0010601537069305778,22.31583417782247,27.75339
575,2000,rodcat_fsa,-19.06,-69.27,278.7482604980469,0.0017927376320585608,33.05194263523341,24.08896
543,1997,rodcat_irr,-20.43,-68.34,279.66436767578125,0.0010862177005037665,27.405067454117564,32.75062
15,1942,ball_m,-12.6,-69.2,297.05914306640625,0.0061046052724123,79.49043518008556,23.47
237,1967,rodcat_gua,-18.28,-69.04,276.1697692871094,0.0024493795353919268,34.35692762472649,27.76829
303,1974,ball_m,-12.6,-69.2,297.2511291503906,0.006754123140126467,85.13055994321681,22.775
114,1955,ball_v,-22.0,-66.0,279.7124938964844,0.0018011747160926461,33.36516340836429,29.855
306,1974,rodcat_utu,-22.18,-67.14,274.6847229003906,0.0012407215544953942,20.980288870889215,21.28176
178,1961,rodcat_irr,-20.43,-68.34,279.2055358886719,0.0009180251508951187,30.849495850299625,30.92723
187,1962,rodcat_gua,-18.28,-69.04,275.57525634765625,0.001952867372892797,35.11080190908764,26.36661
109,1954,rodcat_fsa,-19.06,-69.27,277.14605712890625,0.0015364177525043488,40.86893447978753,26.49031
527,1996,ball_m,-12.6,-69.2,297.8630065917969,0.006406676489859819,84.26892674101497,22.545
88,1952,rodcat_irr,-20.43,-68.34,278.2861328125,0.0008477102965116501,28.77621452817653,31.35323
236,1967,rodcat_utu,-22.18,-67.14,274.6014709472656,0.00106765516102314,20.714886627393845,27.3154
41,1946,ortega_jam,-9.25,-63.25,298.636962890625,0.00616610748693347,84.88185530623824,23.0
240,1968,baker_ecu,-0.45,-78.04,283.5223083496094,0.008550797589123249,85.19427521645348,24.85
192,1963,jenkins,-12.4,-69.2,298.5972595214844,0.004471061285585165,78.91415876005561,23.07
553,1998,rodcat_gua,-18.28,-69.04,278.4567565917969,0.0018915528198704123,23.11152745660938,27.70881
441,1988,brie_sel,-10.1,-66.31,298.8356018066406,0.004919386003166437,80.98503639378166,20.39
406,1984,rodcat_utu,-22.18,-67.14,274.7357482910156,0.0017606733599677682,29.35877447633632,22.63726
89,1952,rodcat_fsa,-19.06,-69.27,277.2826232910156,0.0014544775476679206,41.7007932840076,25.19753
177,1961,rodcat_gua,-18.28,-69.04,276.52734375,0.003039458068087697,44.38351285958812,27.81813
622,2005,rodcat_gua,-18.28,-69.04,277.7541809082031,0.0026985742151737213,27.586554175929084,29.13182
69,1950,rodcat_fsa,-19.06,-69.27,276.80242919921875,0.0012032209197059274,44.05264716665644,26.1985
654,2010,brie_elt,-10.98,-65.72,299.527587890625,0.004235367756336927,77.91751062380212,20.63
353,1979,ball_m,-12.6,-69.2,297.6229248046875,0.006516742054373026,86.40007527793776,23.335
253,1969,ball_m,-12.6,-69.2,298.09783935546875,0.006297173444181681,85.7041802479474,23.39
129,1956,rodcat_fsa,-19.06,-69.27,276.4164123535156,0.0012810354819521308,41.62635782401705,30.75084
434,1987,ball_v,-22.0,-66.0,281.4443054199219,0.001731984899379313,30.737840640740316,29.02
318,1975,rodcat_irr,-20.43,-68.34,278.60107421875,0.0014481035759672523,32.60118383683061,28.33629
403,1984,ball_m,-12.6,-69.2,297.4951171875,0.007058069109916687,86.48724106253052,23.795
462,1990,jenkins,-12.4,-69.2,297.5050354003906,0.0069391909055411816,86.35238106906841,24.881
119,1955,rodcat_fsa,-19.06,-69.27,276.96661376953125,0.0017068603774532676,43.10505438231309,28.06272
485,1992,ortega_jam,-9.25,-63.25,298.8346252441406,0.0060485415160655975,85.48994122516027,25.63333333333333
95,1953,ortega_jam,-9.25,-63.25,298.580810546875,0.006687560584396124,84.89423254310391,22.116666666666664
487,1992,rodcat_gua,-18.28,-69.04,276.78594970703125,0.001725421636365354,26.210608692540855,27.99829
645,2008,ortega_jam,-9.25,-63.25,299.18011474609375,0.006260423455387354,79.88950530345797,22.419999999999998
207,1964,rodcat_gua,-18.28,-69.04,275.889404296875,0.0016063576331362128,24.406566702410824,31.19072
546,1998,brie_sel,-10.1,-66.31,299.3624267578125,0.00509995361790061,81.48599705228256,20.61
488,1992,rodcat_irr,-20.43,-68.34,278.7677001953125,0.0007807717774994671,24.729188513641734,33.11666
631,2006,rodcat_gua,-18.28,-69.04,277.8960266113281,0.002968768822029233,31.42484405206998,29.43044
497,1993,rodcat_utu,-22.18,-67.14,274.69232177734375,0.0012189714470878243,25.745043437512145,28.21672
594,2002,rodcat_irr,-20.43,-68.34,279.8094177246094,0.000738582864869386,28.747372485308382,33.11334
638,2007,rodcat_utu,-22.18,-67.14,276.28594970703125,0.0006615184247493744,20.77883928869123,26.22529
12,1942,baker_ecu,-0.45,-78.04,283.0263977050781,0.010120403952896595,87.95225678904917,23.51
528,1996,ball_v,-22.0,-66.0,281.32647705078125,0.001970117213204503,28.501932893194066,31.54
74,1951,ball_v,-22.0,-66.0,280.0596923828125,0.0019826788920909166,36.50185058618234,31.229999999999997
222,1966,jenkins,-12.4,-69.2,297.9621887207031,0.0054693385027348995,80.87718812974938,22.104
595,2002,rodcat_fsa,-19.06,-69.27,279.2330017089844,0.001626795157790184,38.869428338041764,26.57584
602,2003,rodcat_utu,-22.18,-67.14,276.2694396972656,0.0007230204646475613,19.42247081378549,27.25867
80,1952,baker_ecu,-0.45,-78.04,283.034423828125,0.007773214485496283,86.26951646265103,23.64
496,1993,ortega_jam,-9.25,-63.25,298.7081604003906,0.006510367151349783,85.12063792382335,23.316666666666666
148,1958,rodcat_irr,-20.43,-68.34,278.5907287597656,0.000615391880273819,25.678997277616823,31.30548
421,1986,brie_sel,-10.1,-66.31,298.3717956542969,0.005572841037064791,84.70234184467546,23.53
416,1985,rodcat_utu,-22.18,-67.14,275.1531066894531,0.0015540426829829812,25.9120932353609,24.85373
633,2006,rodcat_fsa,-19.06,-69.27,279.3932800292969,0.0020966820884495974,35.988028011346294,26.43345
358,1979,rodcat_irr,-20.43,-68.34,278.9871520996094,0.0009564639185555279,24.1086484921748,32.05023
386,1982,rodcat_utu,-22.18,-67.14,275.1175231933594,0.0009962152689695358,22.729733115883416,28.76237
232,1967,jenkins,-12.4,-69.2,297.8365783691406,0.005777597427368164,85.14258090538746,23.122
110,1955,baker_ecu,-0.45,-78.04,282.7166748046875,0.008529234677553177,86.11352564244808,23.1
43,1947,brie_sel,-10.1,-66.31,297.9071044921875,0.005992851685732603,89.14774359183966,22.49
524,1996,brie_sel,-10.1,-66.31,298.5064697265625,0.0049486360512673855,83.67580674970559,22.2
300,1974,baker_ecu,-0.45,-78.04,283.0947265625,0.008955245837569237,86.66926816713888,23.84
133,1957,ball_m,-12.6,-69.2,297.8353271484375,0.005639405455440283,84.48659620206269,22.395
164,1960,ball_v,-22.0,-66.0,280.5056457519531,0.0016065450618043542,27.138293418460226,31.96
186,1962,rodcat_utu,-22.18,-67.14,275.0725402832031,0.0004683875886257738,16.506231664594882,25.79887
320,1976,baker_ecu,-0.45,-78.04,283.384033203125,0.008686739020049572,85.15046684207117,23.6
195,1963,ortega_jam,-9.25,-63.25,299.7832946777344,0.004338118713349104,70.16606695638666,22.5
275,1971,ortega_jam,-9.25,-63.25,298.2508239746094,0.005835722666233778,84.51682070440047,23.080000000000002
495,1993,ball_v,-22.0,-66.0,281.2471923828125,0.001801174134016037,27.98385443315431,31.115
106,1954,rodcat_utu,-22.18,-67.14,273.8315124511719,0.001122593879699707,26.132526144357083,26.49031
399,1983,rodcat_fsa,-19.06,-69.27,278.8680725097656,0.0012990360846742988,35.47276901697047,24.16132
155,1959,ortega_jam,-9.25,-63.25,298.9860534667969,0.005573216825723648,81.25272368018531,23.400000000000002
544,1997,rodcat_fsa,-19.06,-69.27,278.9124755859375,0.001806424930691719,36.206643412851214,27.5475
210,1965,baker_ecu,-0.45,-78.04,283.4823303222656,0.007131944876164198,85.37024958940901,24.34
81,1952,brie_sel,-10.1,-66.31,297.95391845703125,0.005546966101974249,85.51957422357034,19.81
132,1957,jenkins,-12.4,-69.2,297.8353271484375,0.005639405455440283,84.48659620206269,22.139
498,1993,rodcat_gua,-18.28,-69.04,277.0235290527344,0.0028992053121328354,35.27337621336819,28.48361
72,1951,jenkins,-12.4,-69.2,297.32208251953125,0.006671432871371508,87.6869818005509,21.196
52,1948,ball_v,-22.0,-66.0,280.5733337402344,0.001278035924769938,28.676028413445565,29.759999999999998
2,1940,jenkins,-12.4,-69.2,297.8211975097656,0.006436863914132118,86.35066793257539,23.617
417,1985,rodcat_gua,-18.28,-69.04,276.4336853027344,0.0038402925711125135,44.052316385244545,26.12442
342,1978,jenkins,-12.4,-69.2,297.7666320800781,0.0070996955037117004,86.06314820080975,26.84
566,2000,baker_ecu,-0.45,-78.04,283.27630615234375,0.007207697723060846,86.78102918326738,24.11
493,1993,jenkins,-12.4,-69.2,297.5739440917969,0.007244824897497892,85.19459854676182,25.289
389,1982,rodcat_fsa,-19.06,-69.27,278.0162048339844,0.0020139936823397875,39.63209366209461,28.76237
492,1993,brie_elt,-10.98,-65.72,298.2857971191406,0.005654404405504465,83.30304048735415,20.96
344,1978,ball_v,-22.0,-66.0,280.9010314941406,0.002209748374298215,32.513699478720866,30.04
10,1941,ball_v,-22.0,-66.0,280.2901306152344,0.0019219288369640708,39.055387943924515,30.445
640,2007,rodcat_irr,-20.43,-68.34,280.1422119140625,0.0006090172682888806,25.05704300828696,32.24806
317,1975,rodcat_gua,-18.28,-69.04,276.3066101074219,0.0030523966997861862,39.54375345445028,26.42532
534,1997,baker_ecu,-0.45,-78.04,283.7572021484375,0.0076445844024419785,87.28148212130627,24.17
228,1966,rodcat_irr,-20.43,-68.34,278.8041687011719,0.0002386948763160035,19.475250516684,32.36568
407,1984,rodcat_gua,-18.28,-69.04,276.4886169433594,0.003406406147405505,41.241376718974784,26.50068
489,1992,rodcat_fsa,-19.06,-69.27,278.2689514160156,0.0014188518980517983,33.38105798681889,27.31086
346,1978,rodcat_utu,-22.18,-67.14,275.0242614746094,0.0012169094989076257,25.27116290174018,25.02381
257,1969,rodcat_gua,-18.28,-69.04,276.9876708984375,0.002039118902757764,28.677321670276324,30.14594
411,1985,brie_sel,-10.1,-66.31,298.2569580078125,0.006390363443642855,84.74447898684008,20.78
191,1963,brie_sel,-10.1,-66.31,299.4403991699219,0.004021423403173685,71.83332192635511,22.65
5,1940,ortega_jam,-9.25,-63.25,298.78680419921875,0.004865571390837431,83.97139635425663,24.416666666666668
277,1971,rodcat_gua,-18.28,-69.04,275.69732666015625,0.002091245725750923,28.746475662092973,25.90741
152,1959,jenkins,-12.4,-69.2,297.87689208984375,0.005979539360851049,85.34601162244358,21.775
213,1965,ball_m,-12.6,-69.2,298.0255432128906,0.0050943284295499325,82.01138007452087,24.13
550,1998,ball_v,-22.0,-66.0,282.6697692871094,0.0012223459780216217,22.569876250343317,31.5
395,1983,ortega_jam,-9.25,-63.25,299.2023620605469,0.005901537369936705,85.25126990030742,25.566666666666666
